<Objs Version="1.1.0.1" xmlns="http://schemas.microsoft.com/powershell/2004/04">
  <Obj RefId="0">
    <TN RefId="0">
      <T>Microsoft.PowerShell.Commands.PSRepositoryItemInfo</T>
      <T>System.Management.Automation.PSCustomObject</T>
      <T>System.Object</T>
    </TN>
    <MS>
      <S N="Name">Az.Accounts</S>
      <Version N="Version">1.6.0</Version>
      <S N="Type">Module</S>
      <S N="Description">Microsoft Azure PowerShell - Accounts credential management cmdlets for Azure Resource Manager in Windows PowerShell and PowerShell Core._x000A__x000A_For more information on account credential management, please visit the following: https://docs.microsoft.com/powershell/azure/authenticate-azureps</S>
      <S N="Author">Microsoft Corporation</S>
      <S N="CompanyName">Microsoft Corporation</S>
      <S N="Copyright">Microsoft Corporation. All rights reserved.</S>
      <Obj N="PublishedDate" RefId="1">
        <TN RefId="1">
          <T>System.Management.Automation.PSCustomObject</T>
          <T>System.Object</T>
        </TN>
      </Obj>
      <Obj N="InstalledDate" RefId="2">
        <DT>2019-06-26T15:06:30.7021202-07:00</DT>
        <MS>
          <Obj N="DisplayHint" RefId="3">
            <TN RefId="2">
              <T>Microsoft.PowerShell.Commands.DisplayHintType</T>
              <T>System.Enum</T>
              <T>System.ValueType</T>
              <T>System.Object</T>
            </TN>
            <ToString>DateTime</ToString>
            <I32>2</I32>
          </Obj>
        </MS>
      </Obj>
      <Nil N="UpdatedDate" />
      <URI N="LicenseUri">https://aka.ms/azps-license</URI>
      <URI N="ProjectUri">https://github.com/Azure/azure-powershell</URI>
      <Nil N="IconUri" />
      <Obj N="Tags" RefId="4">
        <TN RefId="3">
          <T>System.Object[]</T>
          <T>System.Array</T>
          <T>System.Object</T>
        </TN>
        <LST>
          <S>Azure</S>
          <S>ResourceManager</S>
          <S>ARM</S>
          <S>Accounts</S>
          <S>Authentication</S>
          <S>Environment</S>
          <S>Subscription</S>
          <S>PSModule</S>
        </LST>
      </Obj>
      <Obj N="Includes" RefId="5">
        <TN RefId="4">
          <T>System.Collections.Hashtable</T>
          <T>System.Object</T>
        </TN>
        <DCT>
          <En>
            <S N="Key">Workflow</S>
            <Obj N="Value" RefId="6">
              <TNRef RefId="3" />
              <LST />
            </Obj>
          </En>
          <En>
            <S N="Key">RoleCapability</S>
            <Ref N="Value" RefId="6" />
          </En>
          <En>
            <S N="Key">Function</S>
            <Ref N="Value" RefId="6" />
          </En>
          <En>
            <S N="Key">Command</S>
            <Obj N="Value" RefId="7">
              <TNRef RefId="3" />
              <LST>
                <S>Disable-AzDataCollection</S>
                <S>Disable-AzContextAutosave</S>
                <S>Enable-AzDataCollection</S>
                <S>Enable-AzContextAutosave</S>
                <S>Remove-AzEnvironment</S>
                <S>Get-AzEnvironment</S>
                <S>Set-AzEnvironment</S>
                <S>Add-AzEnvironment</S>
                <S>Get-AzSubscription</S>
                <S>Connect-AzAccount</S>
                <S>Get-AzContext</S>
                <S>Set-AzContext</S>
                <S>Import-AzContext</S>
                <S>Save-AzContext</S>
                <S>Get-AzTenant</S>
                <S>Send-Feedback</S>
                <S>Resolve-AzError</S>
                <S>Select-AzContext</S>
                <S>Rename-AzContext</S>
                <S>Remove-AzContext</S>
                <S>Clear-AzContext</S>
                <S>Disconnect-AzAccount</S>
                <S>Get-AzContextAutosaveSetting</S>
                <S>Set-AzDefault</S>
                <S>Get-AzDefault</S>
                <S>Clear-AzDefault</S>
                <S>Register-AzModule</S>
                <S>Enable-AzureRmAlias</S>
                <S>Disable-AzureRmAlias</S>
                <S>Uninstall-AzureRm</S>
                <S>Get-AzProfile</S>
                <S>Select-AzProfile</S>
                <S>Add-AzAccount</S>
                <S>Login-AzAccount</S>
                <S>Remove-AzAccount</S>
                <S>Logout-AzAccount</S>
                <S>Select-AzSubscription</S>
                <S>Resolve-Error</S>
                <S>Save-AzProfile</S>
                <S>Get-AzDomain</S>
              </LST>
            </Obj>
          </En>
          <En>
            <S N="Key">Cmdlet</S>
            <Obj N="Value" RefId="8">
              <TNRef RefId="3" />
              <LST>
                <S>Disable-AzDataCollection</S>
                <S>Disable-AzContextAutosave</S>
                <S>Enable-AzDataCollection</S>
                <S>Enable-AzContextAutosave</S>
                <S>Remove-AzEnvironment</S>
                <S>Get-AzEnvironment</S>
                <S>Set-AzEnvironment</S>
                <S>Add-AzEnvironment</S>
                <S>Get-AzSubscription</S>
                <S>Connect-AzAccount</S>
                <S>Get-AzContext</S>
                <S>Set-AzContext</S>
                <S>Import-AzContext</S>
                <S>Save-AzContext</S>
                <S>Get-AzTenant</S>
                <S>Send-Feedback</S>
                <S>Resolve-AzError</S>
                <S>Select-AzContext</S>
                <S>Rename-AzContext</S>
                <S>Remove-AzContext</S>
                <S>Clear-AzContext</S>
                <S>Disconnect-AzAccount</S>
                <S>Get-AzContextAutosaveSetting</S>
                <S>Set-AzDefault</S>
                <S>Get-AzDefault</S>
                <S>Clear-AzDefault</S>
                <S>Register-AzModule</S>
                <S>Enable-AzureRmAlias</S>
                <S>Disable-AzureRmAlias</S>
                <S>Uninstall-AzureRm</S>
                <S>Get-AzProfile</S>
                <S>Select-AzProfile</S>
              </LST>
            </Obj>
          </En>
          <En>
            <S N="Key">DscResource</S>
            <Ref N="Value" RefId="6" />
          </En>
        </DCT>
      </Obj>
      <Nil N="PowerShellGetFormatVersion" />
      <S N="ReleaseNotes">* Add support for profile cmdlets_x000A_* Add support for environments and data planes in generated cmdlets_x000A_* Fix bug where incorrect endpoint was being used in some cases for data plane cmdlets in Windows PowerShell</S>
      <Obj N="Dependencies" RefId="9">
        <TNRef RefId="3" />
        <LST />
      </Obj>
      <S N="RepositorySourceLocation">\\aaptfile01\ADXSDK\PowerShell\2019_07_02_PowerShell\pkgs</S>
      <S N="Repository">2019_07_02_PowerShell</S>
      <S N="PackageManagementProvider">NuGet</S>
      <Obj N="AdditionalMetadata" RefId="10">
        <TNRef RefId="1" />
        <MS>
          <S N="copyright">Microsoft Corporation. All rights reserved.</S>
          <S N="description">Microsoft Azure PowerShell - Accounts credential management cmdlets for Azure Resource Manager in Windows PowerShell and PowerShell Core._x000A__x000A_For more information on account credential management, please visit the following: https://docs.microsoft.com/powershell/azure/authenticate-azureps</S>
          <S N="requireLicenseAcceptance">True</S>
          <S N="releaseNotes">* Add support for profile cmdlets_x000A_* Add support for environments and data planes in generated cmdlets_x000A_* Fix bug where incorrect endpoint was being used in some cases for data plane cmdlets in Windows PowerShell</S>
          <S N="isLatestVersion">False</S>
          <S N="isAbsoluteLatestVersion">False</S>
          <S N="tags">Azure ResourceManager ARM Accounts Authentication Environment Subscription PSModule PSIncludes_Cmdlet PSCmdlet_Disable-AzDataCollection PSCmdlet_Disable-AzContextAutosave PSCmdlet_Enable-AzDataCollection PSCmdlet_Enable-AzContextAutosave PSCmdlet_Remove-AzEnvironment PSCmdlet_Get-AzEnvironment PSCmdlet_Set-AzEnvironment PSCmdlet_Add-AzEnvironment PSCmdlet_Get-AzSubscription PSCmdlet_Connect-AzAccount PSCmdlet_Get-AzContext PSCmdlet_Set-AzContext PSCmdlet_Import-AzContext PSCmdlet_Save-AzContext PSCmdlet_Get-AzTenant PSCmdlet_Send-Feedback PSCmdlet_Resolve-AzError PSCmdlet_Select-AzContext PSCmdlet_Rename-AzContext PSCmdlet_Remove-AzContext PSCmdlet_Clear-AzContext PSCmdlet_Disconnect-AzAccount PSCmdlet_Get-AzContextAutosaveSetting PSCmdlet_Set-AzDefault PSCmdlet_Get-AzDefault PSCmdlet_Clear-AzDefault PSCmdlet_Register-AzModule PSCmdlet_Enable-AzureRmAlias PSCmdlet_Disable-AzureRmAlias PSCmdlet_Uninstall-AzureRm PSCmdlet_Get-AzProfile PSCmdlet_Select-AzProfile PSCommand_Disable-AzDataCollection PSCommand_Disable-AzContextAutosave PSCommand_Enable-AzDataCollection PSCommand_Enable-AzContextAutosave PSCommand_Remove-AzEnvironment PSCommand_Get-AzEnvironment PSCommand_Set-AzEnvironment PSCommand_Add-AzEnvironment PSCommand_Get-AzSubscription PSCommand_Connect-AzAccount PSCommand_Get-AzContext PSCommand_Set-AzContext PSCommand_Import-AzContext PSCommand_Save-AzContext PSCommand_Get-AzTenant PSCommand_Send-Feedback PSCommand_Resolve-AzError PSCommand_Select-AzContext PSCommand_Rename-AzContext PSCommand_Remove-AzContext PSCommand_Clear-AzContext PSCommand_Disconnect-AzAccount PSCommand_Get-AzContextAutosaveSetting PSCommand_Set-AzDefault PSCommand_Get-AzDefault PSCommand_Clear-AzDefault PSCommand_Register-AzModule PSCommand_Enable-AzureRmAlias PSCommand_Disable-AzureRmAlias PSCommand_Uninstall-AzureRm PSCommand_Get-AzProfile PSCommand_Select-AzProfile PSCommand_Add-AzAccount PSCommand_Login-AzAccount PSCommand_Remove-AzAccount PSCommand_Logout-AzAccount PSCommand_Select-AzSubscription PSCommand_Resolve-Error PSCommand_Save-AzProfile PSCommand_Get-AzDomain</S>
          <S N="developmentDependency">False</S>
          <B N="IsPrerelease">false</B>
        </MS>
      </Obj>
      <S N="InstalledLocation">C:\Users\markcowl\Documents\PowerShell\Modules\Az.Accounts\1.6.0</S>
    </MS>
  </Obj>
</Objs>
